{
  "accuracy": 0.9922743290864733,
  "precision": 0.9917016699108698,
  "recall": 0.9966024915062288,
  "f1": 0.9941460408750128,
  "samples": {
    "train": 59021,
    "test": 14756
  },
  "vectorizer": {
    "max_features": 20000,
    "ngram_range": [
      1,
      2
    ]
  },
  "model": "LogisticRegression(max_iter=200)"
}